{"entradas": 2, "capas": [{"neuronas": [{"pesos": [0.4409676050112795, -0.34295697666947705, 0.3139150634329681]}, {"pesos": [0.29577726884181227, 0.8090298558371178, 0.13183029764264703]}]}, {"neuronas": [{"pesos": [-1.0210612011643505, -0.022749369993152756, -0.5558103644328646]}, {"pesos": [0.22098184304145826, 0.10801814077605282, -0.3980014661396492]}]}]}