{"entradas": 2, "capas": [{"neuronas": [{"pesos": [1.071297827245895, 0.7718154626435556, 1.08251349275731]}, {"pesos": [0.8014313575230733, 0.003724506447864514, 0.13906972942267537]}]}, {"neuronas": [{"pesos": [0.12462036414398589, -0.24346919058277464, 0.7062732746654922]}, {"pesos": [1.598928056515872, -0.12520738735145648, -0.8139000024494186]}]}]}