{"entradas": 2, "capas": [{"neuronas": [{"pesos": [0.2036174245004349, 0.8247294076335882, -0.7754669228254227]}, {"pesos": [-0.767389480104675, 0.23150171559587487, 0.21386503402126078]}]}, {"neuronas": [{"pesos": [0.0027414200214072645, 0.42658917817421926, -0.24441016633508703]}, {"pesos": [1.0624334631316612, -0.9131238043364673, 0.7584697741865642]}]}]}