{"entradas": 2, "capas": [{"neuronas": [{"pesos": [0.5220684685266581, -0.724254621542453, -0.8757730302699724]}, {"pesos": [-0.932264672477879, 0.3125659395120627, 0.04301659077924133]}]}, {"neuronas": [{"pesos": [-0.02528220680466614, 0.1503276392135955, 0.36024788900161436]}, {"pesos": [1.1239141914273496, -0.015101895304970839, 0.17043572826001654]}]}]}