{"entradas": 2, "capas": [{"neuronas": [{"pesos": [0.7788207287888175, -0.3302359660781294, -0.06246021845215355]}, {"pesos": [0.688135079697028, -0.27018264807907055, 0.78954197868342]}]}, {"neuronas": [{"pesos": [0.35956074215357364, 0.8256387493234278, -0.7572841816473983]}, {"pesos": [0.5924586305707766, 0.330887827120885, 0.9454053617678368]}]}]}