{"entradas": 2, "capas": [{"neuronas": [{"pesos": [0.30703332176961773, -0.47152348538042876, -0.15897768194706183]}, {"pesos": [0.28932983532645973, 0.8061591279912372, 0.7958509393921408]}]}, {"neuronas": [{"pesos": [0.49884480193862313, -0.029798469606728106, -0.04657910021252981]}, {"pesos": [1.3427111248763215, -0.6848911062060401, 0.19751142718103806]}]}]}