{"entradas": 2, "capas": [{"neuronas": [{"pesos": [0.8156876502939053, -0.8279239441909417, 0.257851214017051]}, {"pesos": [0.935442914140099, -0.8862615044571247, 1.115112221184324]}]}, {"neuronas": [{"pesos": [0.06800653217203079, -0.10781812623414679, 0.680395731138861]}, {"pesos": [1.7763454167481483, -0.654804045894809, -0.9202766787913185]}]}]}