{"entradas": 2, "capas": [{"neuronas": [{"pesos": [-0.15100331318485435, -0.045514901740126276, 0.5197236458439092]}, {"pesos": [-0.3601978080288105, -0.38635036484056595, 0.6598465840403596]}]}, {"neuronas": [{"pesos": [0.14734718430584817, 0.055057792388603866, 0.3985226837160168]}, {"pesos": [1.3483864453571965, -0.5137033223274723, 0.20792627606990138]}]}]}