{"entradas": 2, "capas": [{"neuronas": [{"pesos": [0.28517530626924975, -0.9618810910535355, -0.9625558014369148]}, {"pesos": [0.996139249344844, -0.14077236745242913, -0.8787764290015226]}]}, {"neuronas": [{"pesos": [-0.40357076869359665, -0.2520894009097556, 0.8771352532813382]}, {"pesos": [1.129356173113976, 0.0013129532765017845, -0.06139857079551169]}]}]}