{"entradas": 2, "capas": [{"neuronas": [{"pesos": [-0.13711067403523752, -0.14529582958485154, -0.3857974438681678]}, {"pesos": [0.9440964702135931, 0.22905286211900272, -0.6563609927592796]}]}, {"neuronas": [{"pesos": [0.08910003833483193, 0.20964774993162602, 0.8718556718053692]}, {"pesos": [1.6242502267753423, 0.0011494209206068281, -0.4360720421012649]}]}]}