{"entradas": 2, "capas": [{"neuronas": [{"pesos": [-0.75628068886365, 0.9402975845922995, 0.7010354848332284]}, {"pesos": [-0.186223443875031, 0.9395731356492337, -0.5383659461691257]}]}, {"neuronas": [{"pesos": [0.23934953114091562, 0.9415251189871494, 0.21938295920012255]}, {"pesos": [1.257040261776277, 0.016413003586475433, 0.8289225784501784]}]}]}