{"entradas": 2, "capas": [{"neuronas": [{"pesos": [0.5914971758222494, -0.7440965675780886, -0.6974721527768915]}, {"pesos": [0.0819884807930604, -0.15291008061758918, 1.0133653867652206]}]}, {"neuronas": [{"pesos": [0.32179237190558146, 0.7689600211270543, -0.7091745738361072]}, {"pesos": [1.450486821734554, -0.7016221276524541, -0.26473970730765506]}]}]}