{"entradas": 2, "capas": [{"neuronas": [{"pesos": [0.2093514345339068, 0.19781483201069308, 0.8648105709552418]}, {"pesos": [0.9297861905703511, -0.8857900281291303, -0.08215781392665575]}]}, {"neuronas": [{"pesos": [0.44916023315753034, -0.9770960683580473, 0.5045022007136317]}, {"pesos": [1.4803825206144345, -0.5300377521497414, -0.26836056558237603]}]}]}