{"entradas": 2, "capas": [{"neuronas": [{"pesos": [-0.29175584034001384, -0.6719404407553002, 0.9586073661158544]}, {"pesos": [1.07528978333611, 0.9418491233750568, -0.5366089178905851]}]}, {"neuronas": [{"pesos": [0.4566685708136737, 0.11997359110316234, -0.6241240455743804]}, {"pesos": [1.2230283752925413, -0.37736310433248754, 0.2075362965135867]}]}]}