{"entradas": 2, "capas": [{"neuronas": [{"pesos": [0.9574723475034272, -0.6282282491127581, -0.7413599252093462]}, {"pesos": [0.4954007529509718, 0.3378786535057147, 0.5718105953134422]}]}, {"neuronas": [{"pesos": [0.7561419660162848, 0.6533119800335981, -0.8601581135615147]}, {"pesos": [1.1521231524956914, -0.5307705326631653, 0.5875638589119151]}]}]}