{"entradas": 2, "capas": [{"neuronas": [{"pesos": [0.5326734941282706, -0.9813417022137102, -0.49625318234721744]}, {"pesos": [0.6348194186816078, 0.540158930809115, 0.5310650339935377]}]}, {"neuronas": [{"pesos": [-0.17543164177963386, 0.6431435819495985, 0.8477869164429335]}, {"pesos": [1.267364455272691, -0.26128318954756063, 0.460443838579635]}]}]}