{"entradas": 2, "capas": [{"neuronas": [{"pesos": [-0.1673504528594679, 0.1456399702164314, 0.7056924101270615]}, {"pesos": [-0.5652390872836778, 1.0143954807165474, -0.535539237813904]}]}, {"neuronas": [{"pesos": [0.7098782981757713, -0.3961181617585666, 0.3956484663319308]}, {"pesos": [0.6335407148500072, 0.05806487358827788, 0.9533707500507892]}]}]}