{"entradas": 2, "capas": [{"neuronas": [{"pesos": [0.6159265694492977, 0.7526265253712586, -0.4304936032128814]}, {"pesos": [0.45853829952779684, -0.3971542463777758, 1.0480127103182033]}]}, {"neuronas": [{"pesos": [0.629720378164501, 0.4239702805282312, -0.606023037394755]}, {"pesos": [1.100006814915739, 0.8022226895283343, 0.18722457689298244]}]}]}