{"entradas": 2, "capas": [{"neuronas": [{"pesos": [-0.7414167230309393, 0.1579596229925286, -0.34654064277065866]}, {"pesos": [0.6243129618948566, 0.8466317786875196, -0.7791055730807063]}]}, {"neuronas": [{"pesos": [0.4982196947603671, 0.04731756264326721, 0.04711139464640362]}, {"pesos": [0.8993060389202838, 0.06701733120897886, 0.573231650745177]}]}]}