{"entradas": 2, "capas": [{"neuronas": [{"pesos": [1.033180163428729, 0.016975320548637002, 0.21772758742823453]}, {"pesos": [0.3754569976654543, -0.15864217074063242, 0.8600888719765064]}]}, {"neuronas": [{"pesos": [0.4262361669031998, -0.22488927488970245, -0.5804807209611939]}, {"pesos": [1.4543249759539232, -0.5422147646644921, 0.2819614560728158]}]}]}