{"entradas": 2, "capas": [{"neuronas": [{"pesos": [0.6416993204825616, 0.7222561940376236, 0.3628166494904099]}, {"pesos": [0.10928452786495217, 0.01629406934228131, -0.46686280056391044]}]}, {"neuronas": [{"pesos": [1.0854609013209058, -0.48708527124742296, -0.6168414837136236]}, {"pesos": [1.1538056498438707, 0.01851498523605337, 0.44862248655498976]}]}]}