{"entradas": 2, "capas": [{"neuronas": [{"pesos": [0.0996601789978033, -1.0823776966989365, -0.6464033597177119]}, {"pesos": [0.6999138032470335, 0.25383733734639663, -0.6408790417067484]}]}, {"neuronas": [{"pesos": [-0.07377462291646494, -0.608862906739597, 0.7741587908251006]}, {"pesos": [0.7163748256552382, 0.9211448913274068, 0.17909438353145282]}]}]}