{"entradas": 2, "capas": [{"neuronas": [{"pesos": [-0.11131775978694464, -0.8200087551409037, -0.8353531127390004]}, {"pesos": [0.17651039578739905, 0.616188171639535, -0.2587575970158127]}]}, {"neuronas": [{"pesos": [-0.0008116229133340921, 0.570334268270099, -0.4438521891249707]}, {"pesos": [0.39732683342126607, 0.5473701487397791, 0.9229923040761878]}]}]}