{"entradas": 2, "capas": [{"neuronas": [{"pesos": [0.36178126710738556, 0.3789905083966277, 0.17287593677612503]}, {"pesos": [0.7640850056494586, -0.6870662760370649, 0.6908386278819977]}]}, {"neuronas": [{"pesos": [0.313997976500211, 0.1252636449985911, -0.6635420816112815]}, {"pesos": [1.1265049999625456, 0.3712144868769555, -0.24878112251686496]}]}]}