{"entradas": 2, "capas": [{"neuronas": [{"pesos": [0.48288352430448056, 0.4266387342229415, -0.11695558985510006]}, {"pesos": [1.177072142006049, 0.28841134666927354, -0.34374487344800214]}]}, {"neuronas": [{"pesos": [-0.5407149102441133, 0.7395998105265074, 0.8217970501752987]}, {"pesos": [1.8006337583071752, -0.9616291839119799, -0.9550464611702738]}]}]}