{"entradas": 2, "capas": [{"neuronas": [{"pesos": [-0.2735719658724122, -0.3943466650783781, -0.25962496801739865]}, {"pesos": [-0.7402599890267337, -0.4261683422498529, -0.8827700671123283]}]}, {"neuronas": [{"pesos": [-0.5010154402365399, 0.8084221452373905, 0.31244203661824305]}, {"pesos": [0.9282116477001531, 0.3437901199469706, 0.4719658289290361]}]}]}