{"entradas": 2, "capas": [{"neuronas": [{"pesos": [0.7104570927344883, 0.25229413016483876, -0.34537991601103346]}, {"pesos": [0.7553090049685834, 0.6576242252249188, -0.61760576311409]}]}, {"neuronas": [{"pesos": [-0.014611646461325324, -0.9449265240766672, 0.7240829412578509]}, {"pesos": [0.7919242666944464, 0.5791545180153059, -0.13544954121420463]}]}]}