{"entradas": 2, "capas": [{"neuronas": [{"pesos": [0.8362865323325697, -0.7027579630817049, -0.03232082529389354]}, {"pesos": [0.5321393071633973, 0.5115093617861026, 0.15830598088342984]}]}, {"neuronas": [{"pesos": [-0.30146948922741473, 0.6579345318665653, 0.6805471744478672]}, {"pesos": [1.245331888961648, -0.2694615391941342, 0.17593727602312337]}]}]}