{"entradas": 2, "capas": [{"neuronas": [{"pesos": [0.3815008324073321, 0.6663672877944959, -0.7825262855349102]}, {"pesos": [-0.3839816241598961, 0.7163013626069141, 0.15835177538922487]}]}, {"neuronas": [{"pesos": [0.23324420479745356, -0.7277556964002426, 0.2047552320479812]}, {"pesos": [1.2975893999642407, -0.9533317424481, 0.9304701506133388]}]}]}