{"entradas": 2, "capas": [{"neuronas": [{"pesos": [1.0489351604758217, 0.6779214312491004, -0.09793114713398278]}, {"pesos": [0.6787024692784197, 0.9154544629573863, 0.4450293254035796]}]}, {"neuronas": [{"pesos": [0.2503558411180718, 0.7800588001443227, -0.6280509056608121]}, {"pesos": [1.3626219670073039, 0.30264900129473876, 0.13714417663412848]}]}]}