{"entradas": 2, "capas": [{"neuronas": [{"pesos": [-0.03042159674217866, -0.21536325373968027, -0.9480890008208713]}, {"pesos": [-0.327157594792337, 0.6731162507993835, -0.1875565464667342]}]}, {"neuronas": [{"pesos": [0.4871233835843309, -0.5686818509925128, -0.7122952307518544]}, {"pesos": [0.8949628476430103, 0.4963061107235895, 0.16573411914019762]}]}]}