{"entradas": 2, "capas": [{"neuronas": [{"pesos": [0.3052890783304803, 0.6781247961149467, 0.570677044058437]}, {"pesos": [-0.6076765161900508, 1.0757298034888159, 1.0924921096899172]}]}, {"neuronas": [{"pesos": [0.8990703529600466, 0.15895207197375297, -0.64459619078523]}, {"pesos": [1.483530934097271, 0.7161187484805693, -0.6802250414759787]}]}]}