{"entradas": 2, "capas": [{"neuronas": [{"pesos": [-0.5795074159372632, -0.07332990686393025, 0.630596043808252]}, {"pesos": [0.16860421440595888, -0.8604184361015262, -0.8884570102043101]}]}, {"neuronas": [{"pesos": [0.1398114727472741, 0.6801966635859781, -0.8832124575280209]}, {"pesos": [1.0385839268017505, -0.02926611563967568, 0.5879026112322684]}]}]}