{"entradas": 2, "capas": [{"neuronas": [{"pesos": [0.736105973601715, 0.723201153732068, 0.35778019130240785]}, {"pesos": [-0.691410928961009, -0.5998413987760893, 1.0131641516913523]}]}, {"neuronas": [{"pesos": [0.07965071660431176, 0.9364115616890297, 0.18657079526291603]}, {"pesos": [1.3342739844768103, 0.28166977085906114, 0.16648776450243413]}]}]}