{"entradas": 2, "capas": [{"neuronas": [{"pesos": [0.08861242063610819, -0.34335621775024694, 0.5838140684703537]}, {"pesos": [-0.2928412083027803, 0.5561744946776195, 0.790724634832944]}]}, {"neuronas": [{"pesos": [0.004130642856164105, 0.3733865715042048, 0.7783498349228507]}, {"pesos": [1.38065073120706, 0.30215155749977773, 0.09169553541036181]}]}]}