{"entradas": 2, "capas": [{"neuronas": [{"pesos": [-0.6964991370891738, -0.17410223013151688, 0.5852338592890279]}, {"pesos": [-0.2173401207019405, -0.4387776986147139, 0.03248119568562263]}]}, {"neuronas": [{"pesos": [0.050755494240703164, 0.487104843076488, -0.05496114110047214]}, {"pesos": [1.2321175582349986, 0.09970119207537989, -0.39750970847940825]}]}]}