{"entradas": 2, "capas": [{"neuronas": [{"pesos": [0.4007165377881866, 0.5514036391922936, 1.1948934251549883]}, {"pesos": [0.7834209012493801, 0.4714233004839471, 0.7293589355827933]}]}, {"neuronas": [{"pesos": [0.45109072395783406, -0.27739023112907985, 0.35719061487346637]}, {"pesos": [1.8661306754171012, 0.05145712492925752, -0.9341839396888838]}]}]}