{"entradas": 2, "capas": [{"neuronas": [{"pesos": [0.1400164652065516, -0.33846578540804056, 0.6007719005531278]}, {"pesos": [-0.4718294919157427, -0.8730353148982473, -1.0007305465958114]}]}, {"neuronas": [{"pesos": [0.6378087809689339, -0.9881072069646178, -0.4354494544595074]}, {"pesos": [0.7021001265897634, 0.5031660621857261, -0.19637356974523557]}]}]}