{"entradas": 2, "capas": [{"neuronas": [{"pesos": [0.10105694213339553, -0.5121736011756591, -0.07821189002903817]}, {"pesos": [1.176633631411976, -0.1227351635863479, -0.12461781632094376]}]}, {"neuronas": [{"pesos": [0.5052821306592093, 0.8980235035704285, -0.8959234317711182]}, {"pesos": [1.6230308649177825, -0.9013858032783847, -0.9077330817093249]}]}]}