{"entradas": 2, "capas": [{"neuronas": [{"pesos": [0.05587524821210576, 0.6237628981748682, -0.6697666274671101]}, {"pesos": [0.8530303592288985, 0.9252352546856482, -0.3029535420726379]}]}, {"neuronas": [{"pesos": [-1.5118418173858514, 0.6667076890931197, -0.3837531199316691]}, {"pesos": [1.3134592534124119, -0.953651099657954, -0.9594564900515772]}]}]}