{"entradas": 2, "capas": [{"neuronas": [{"pesos": [-0.7212031049082587, 0.6904923116649051, 0.030939661974134437]}, {"pesos": [0.2818622906445836, 0.514286357012478, 0.8459172095845868]}]}, {"neuronas": [{"pesos": [-0.9504504114453589, -0.7803943144929741, -0.818761245778579]}, {"pesos": [0.018769910805506156, 0.5608510120952143, 0.060722665276909844]}]}]}