{"entradas": 2, "capas": [{"neuronas": [{"pesos": [-0.7406753402294424, -0.29134956447821386, -0.3565651214203574]}, {"pesos": [-0.15275527158846405, 0.36403522264648536, -0.3401611231207752]}]}, {"neuronas": [{"pesos": [0.24201653429832953, 0.46731748186790195, -0.36895828222729254]}, {"pesos": [0.6309140423756382, 0.34602705011560203, 0.7701207549260707]}]}]}