{"entradas": 2, "capas": [{"neuronas": [{"pesos": [-0.46364749284180984, -0.3961896887603361, 1.3336801114276002]}, {"pesos": [-0.006377137647966551, -0.21327803030528855, 1.4668076236120284]}]}, {"neuronas": [{"pesos": [0.4359071476933505, 0.4932173330054291, -0.7144487649959309]}, {"pesos": [2.141238805117454, -0.4211736573246788, -0.8649024613104964]}]}]}