{"entradas": 2, "capas": [{"neuronas": [{"pesos": [-0.5329435724603216, -0.3747435784351558, -0.5535244671597424]}, {"pesos": [0.9622271679594758, -0.49517586201436886, 0.2664410965060535]}]}, {"neuronas": [{"pesos": [-1.4894043013528195, 0.5901945175490215, -0.5284575807677016]}, {"pesos": [0.2921566189451213, 0.18055192803579262, -0.10253707333509805]}]}]}