{"entradas": 2, "capas": [{"neuronas": [{"pesos": [-0.6068672880103335, -0.282214287543464, 1.0061557403655947]}, {"pesos": [0.7518258420202681, 0.8346567054229532, -0.4303595999272796]}]}, {"neuronas": [{"pesos": [0.3524628969522489, 0.686306356514025, -0.5845929059590268]}, {"pesos": [1.620469449848789, 0.9639034554608327, -0.5400471722854162]}]}]}