{"entradas": 2, "capas": [{"neuronas": [{"pesos": [0.057437690550344395, 0.856103976669038, 0.979573418579892]}, {"pesos": [-0.4067122545597818, 0.9997311183933512, 0.5696932214026967]}]}, {"neuronas": [{"pesos": [0.5638041088334161, 0.18998414284012144, -0.945904271951079]}, {"pesos": [1.2813575849364909, -0.7403545112739318, 0.0030201235865329906]}]}]}