{"entradas": 2, "capas": [{"neuronas": [{"pesos": [0.8706217733758754, 0.16423608453929595, 0.42532024488082343]}, {"pesos": [-0.6220744981983934, -0.084444226857568, 1.0968704884902962]}]}, {"neuronas": [{"pesos": [-0.020711391405451834, 0.5701090475329114, 0.5103475758754834]}, {"pesos": [1.1212128195805067, 0.4227875532925328, 0.19676831634233918]}]}]}