{"entradas": 2, "capas": [{"neuronas": [{"pesos": [0.14005473062665, 0.62124214852097, 0.5373494477752222]}, {"pesos": [0.603646462175264, -0.20711436697384028, 0.44848343968793325]}]}, {"neuronas": [{"pesos": [-0.13089181704806752, 0.7837687344979739, 0.15419031887290574]}, {"pesos": [1.0155135935269095, -0.0558656285266876, 0.7852069043135824]}]}]}