{"entradas": 2, "capas": [{"neuronas": [{"pesos": [0.9087444806752135, 0.5039138213438806, 0.5306231577969499]}, {"pesos": [0.2012572342076735, -1.0848920660434493, 0.13701410286056168]}]}, {"neuronas": [{"pesos": [-0.5079550168035859, 0.4745817209204888, 0.6770616991694117]}, {"pesos": [1.5054411505690526, -0.4436680041625819, -0.17537175125031598]}]}]}