{"entradas": 2, "capas": [{"neuronas": [{"pesos": [-0.48750858951510045, -0.33803349612057926, -0.9806058155172889]}, {"pesos": [-0.49130863352530213, -0.9338882913323994, -0.9578119797882073]}]}, {"neuronas": [{"pesos": [0.28682720667180744, -0.6415944547052171, 0.5853103352725652]}, {"pesos": [0.9420717832839028, -0.7672784514670489, 0.6391417474188961]}]}]}