{"entradas": 2, "capas": [{"neuronas": [{"pesos": [-0.17047334574663472, 0.6569057671482663, -0.34336421562784153]}, {"pesos": [0.16764667756149562, -0.8319022631497515, -0.40118833580552654]}]}, {"neuronas": [{"pesos": [0.6848317378227194, -0.4881883465127627, 0.7691130707407863]}, {"pesos": [0.7097709632682813, 0.5731249602441598, 0.7153943365674688]}]}]}