{"entradas": 2, "capas": [{"neuronas": [{"pesos": [1.0553743581328496, 0.7736692731773078, 0.3502318785274309]}, {"pesos": [-0.6027076652522354, 0.38188373262068187, 0.7792623639351796]}]}, {"neuronas": [{"pesos": [-0.35596520309823254, 0.5533170158490454, 0.11532246112436798]}, {"pesos": [1.03826780639325, 0.7250307968306994, -0.34206445010164704]}]}]}