{"entradas": 2, "capas": [{"neuronas": [{"pesos": [0.573833253891027, -0.31716305125763794, 0.714300240846499]}, {"pesos": [-0.8318393061851718, 0.23779905978911897, 0.7510431806997034]}]}, {"neuronas": [{"pesos": [0.3796594289140675, -0.4914572379099811, 0.03992608965853582]}, {"pesos": [1.0463329024721268, -0.2365916036860963, 0.7184339481459362]}]}]}