{"entradas": 2, "capas": [{"neuronas": [{"pesos": [0.387471585980116, -0.2606469997386678, 0.9089301286529758]}, {"pesos": [0.8342879877597332, -0.756819669736286, -0.35438696191799346]}]}, {"neuronas": [{"pesos": [-0.048785297919334183, 0.1996848029934252, 0.23067868052677235]}, {"pesos": [1.0141698789572575, 0.3323683474277844, 0.44235206492801193]}]}]}