{"entradas": 2, "capas": [{"neuronas": [{"pesos": [0.46498129519243636, 0.981211077121976, -0.7804203462614061]}, {"pesos": [1.011366828994859, 0.8152960168531199, -0.8405966123741536]}]}, {"neuronas": [{"pesos": [0.1178417958165024, 0.06920539616786146, 0.46394210461990565]}, {"pesos": [1.1197933227932078, 0.46753093825352826, -0.6152187913419221]}]}]}