{"entradas": 2, "capas": [{"neuronas": [{"pesos": [0.7625080579014195, 0.4914189182755085, 0.20419246533267837]}, {"pesos": [0.04602088278265257, 0.6624832214270528, 0.4373595289088799]}]}, {"neuronas": [{"pesos": [0.15384129608330743, -0.11030517333762613, 0.8988987344705703]}, {"pesos": [1.0700102442127482, -0.9868349061929219, 0.819268835974726]}]}]}