{"entradas": 2, "capas": [{"neuronas": [{"pesos": [1.0168820893552095, -0.6989256664688382, -0.45735549265799874]}, {"pesos": [0.8809357992864054, -0.11398807107426105, -0.4957636222477992]}]}, {"neuronas": [{"pesos": [0.3123718030075187, -0.12593444710965168, -0.028954413823978557]}, {"pesos": [1.4487852620930175, -0.6562609954279767, -0.6297009932661422]}]}]}