{"entradas": 2, "capas": [{"neuronas": [{"pesos": [0.7703441590606371, -0.688204034302871, 0.3450465724279201]}, {"pesos": [-0.3781497324772319, -0.005374750584077683, 0.8071380955479195]}]}, {"neuronas": [{"pesos": [0.6923296980215881, -0.3635466636606418, -0.7284701672657387]}, {"pesos": [1.029380157360445, 0.8974315979005917, 0.6227525894362573]}]}]}