{"entradas": 2, "capas": [{"neuronas": [{"pesos": [-0.5106240165240644, -0.4815693146165312, 0.0779584946822202]}, {"pesos": [0.31916866173289427, 0.4731565838712723, -0.36002212750239704]}]}, {"neuronas": [{"pesos": [0.47294914755691303, 0.009931535263534267, -0.9050821426199739]}, {"pesos": [1.2778091190043948, -0.6331357241844845, -0.24779538308223545]}]}]}