{"entradas": 2, "capas": [{"neuronas": [{"pesos": [0.3290073585737311, -0.6266420342333715, 0.2525172868561464]}, {"pesos": [-0.15589585587170599, -0.2681988165993697, 0.22940995681034085]}]}, {"neuronas": [{"pesos": [-1.3327687761525375, -0.2501019082157995, -0.32258542893127945]}, {"pesos": [0.11879013176809144, -0.5820375289661843, -0.2431293305771902]}]}]}