{"entradas": 2, "capas": [{"neuronas": [{"pesos": [-0.23367016646806638, -1.1024783306682888, 0.4249035791876652]}, {"pesos": [0.3515320848852566, -0.3871364759444859, 0.5393340519857674]}]}, {"neuronas": [{"pesos": [0.13752363744566531, -0.7955989318441997, 0.5030336400206772]}, {"pesos": [0.29534008195883227, 0.2686358362361346, 0.9187803062627323]}]}]}