{"entradas": 2, "capas": [{"neuronas": [{"pesos": [-0.38622042017273595, -1.0508654013903989, -0.21811218538770186]}, {"pesos": [-0.1430113140872877, 0.48869637781300024, 0.7921184280119119]}]}, {"neuronas": [{"pesos": [-0.3402451076334937, 0.008428608504320619, 0.6910212309810706]}, {"pesos": [1.270420447351947, -0.828054153755762, -0.06796868317555466]}]}]}