{"entradas": 2, "capas": [{"neuronas": [{"pesos": [0.6740474764160238, -0.6142102067639487, 0.35938531362600723]}, {"pesos": [0.6091907507799402, -0.9339700738819725, -0.45045154250730424]}]}, {"neuronas": [{"pesos": [0.21626418557626326, -0.3286294244865245, 0.7513551822971594]}, {"pesos": [1.3417597823770244, -0.610196678889433, -0.8139110366701178]}]}]}