{"entradas": 2, "capas": [{"neuronas": [{"pesos": [-0.35711781817796157, -0.49963095682463904, 0.5350254284472726]}, {"pesos": [-0.46377680068129834, -0.7391783924529367, -0.44390514987662827]}]}, {"neuronas": [{"pesos": [0.37508631023573147, 0.539401102932005, 0.7224388988305721]}, {"pesos": [1.022791907506887, 0.2726412204521908, 0.38547976837205034]}]}]}