{"entradas": 2, "capas": [{"neuronas": [{"pesos": [-0.06325006634083964, -0.8187826474080722, 0.6298138481277241]}, {"pesos": [-0.8432768286458022, -0.17219384958451778, -0.5171763828518237]}]}, {"neuronas": [{"pesos": [0.38128310082352534, -0.49880778487683813, 0.04092026434927213]}, {"pesos": [0.6737197817650271, 0.7077553240365907, 0.44979498200669965]}]}]}