{"entradas": 2, "capas": [{"neuronas": [{"pesos": [0.2063377379836915, 0.23937874181734917, 0.012261112905136156]}, {"pesos": [0.7269304270427793, -0.5749304515347743, -0.4391930272593363]}]}, {"neuronas": [{"pesos": [-0.06414759311172538, 0.09187209763011642, -0.1260932082210116]}, {"pesos": [0.9643042448484486, -0.557817058178767, 0.5246632308141322]}]}]}