{"entradas": 2, "capas": [{"neuronas": [{"pesos": [0.7078306401615461, 0.8395303324053967, 0.45671421553225466]}, {"pesos": [0.8277201563049696, -0.12341685502218344, -0.5244729781250512]}]}, {"neuronas": [{"pesos": [-1.4656343707801656, -0.19953216504605364, 0.2938070857187559]}, {"pesos": [0.7670231721519203, -0.806804075271454, 0.0833907108644676]}]}]}