{"entradas": 2, "capas": [{"neuronas": [{"pesos": [-0.6686715139309533, -0.7689652660946285, -0.6475486308422441]}, {"pesos": [-0.5590660117412928, -0.9708007283538503, -0.7744421908107113]}]}, {"neuronas": [{"pesos": [-0.09303876797268476, 0.8674324293153879, 0.23033874557354728]}, {"pesos": [0.918060797774917, 0.7560099946970913, 0.10027391161590617]}]}]}