{"entradas": 2, "capas": [{"neuronas": [{"pesos": [0.259488585210762, -0.810265198540678, 0.4489708522271696]}, {"pesos": [0.5273217544447965, -0.1490649361433302, 0.46914471077566494]}]}, {"neuronas": [{"pesos": [-0.13213117307498207, 0.6586800262248654, 0.3065703933921118]}, {"pesos": [1.4125481423630646, -0.6264972251796623, -0.1561918286359994]}]}]}