{"entradas": 2, "capas": [{"neuronas": [{"pesos": [-0.5034763096917543, 0.8067723739868403, 0.6935381739355779]}, {"pesos": [-0.7743106993466454, -0.32241999696307877, 0.6961579497568847]}]}, {"neuronas": [{"pesos": [0.6237769592916733, -0.6228643518166697, 0.2159877615654565]}, {"pesos": [1.1009755256758904, -0.03291670089993888, 0.20631781064397364]}]}]}