{"entradas": 2, "capas": [{"neuronas": [{"pesos": [0.37020890914494414, -0.9144468101409001, 0.4138165210171249]}, {"pesos": [-0.2509758380329138, 0.16280323175250563, 0.3067371303569737]}]}, {"neuronas": [{"pesos": [-0.3477276177054763, 0.17748788108565755, 0.9048121752713089]}, {"pesos": [1.2438190316410556, -0.8331169637841846, 0.7617310754939847]}]}]}