{"entradas": 2, "capas": [{"neuronas": [{"pesos": [-0.44585738609879094, 0.4701710229810226, 0.971920385168237]}, {"pesos": [0.4631343426289718, -0.27227643392866474, 1.1058278983920253]}]}, {"neuronas": [{"pesos": [0.4503220262160922, 0.13862422181889378, -0.5795023266131446]}, {"pesos": [1.8695918873347273, -0.32704633464699595, -0.6706848003699072]}]}]}