{"entradas": 2, "capas": [{"neuronas": [{"pesos": [0.4898957625999306, 0.6170485335620854, -0.5936287328329438]}, {"pesos": [-0.3322649480691363, -0.851833638373416, 0.5584072482536595]}]}, {"neuronas": [{"pesos": [0.5499751792081871, -0.7721144437335203, -0.40870129683030726]}, {"pesos": [1.5502733558173805, -0.7880984532212697, -0.27875610610046664]}]}]}