{"entradas": 2, "capas": [{"neuronas": [{"pesos": [-0.7136357652549917, 1.0439807853598408, 0.9927263850121056]}, {"pesos": [0.7524206304240363, 0.889863811453673, -0.15127989091797456]}]}, {"neuronas": [{"pesos": [0.6500859063227113, 0.2821311487819677, -0.5609751691610424]}, {"pesos": [1.2550029102827942, 0.5513972899352283, -0.7237773544900362]}]}]}