{"entradas": 2, "capas": [{"neuronas": [{"pesos": [0.5533942692500832, -0.5428849499945135, 0.6299478253850216]}, {"pesos": [0.6004118620239428, 0.5986013401240716, -0.6449215475203115]}]}, {"neuronas": [{"pesos": [0.047289779173698254, -0.4836917082189565, -0.05212566793895125]}, {"pesos": [1.1663740027325684, 0.42980128854132355, -0.4008643675936633]}]}]}