{"entradas": 2, "capas": [{"neuronas": [{"pesos": [-0.4036823690792587, 0.09624897312943789, -0.5849747402606341]}, {"pesos": [-0.8027055269244875, 0.8100996855549348, -0.6056426135203649]}]}, {"neuronas": [{"pesos": [0.3627659589315532, -0.693839413577382, -0.13232249433722335]}, {"pesos": [0.8232941867798824, 0.6345869869345551, 0.3800735882482333]}]}]}