{"entradas": 2, "capas": [{"neuronas": [{"pesos": [1.056153614269763, -0.7111773833875, 0.8332915087015063]}, {"pesos": [-0.5508114268769865, -0.2486806138523489, 0.7449915776254572]}]}, {"neuronas": [{"pesos": [-0.03029977874837713, -0.35563217091510874, 0.858097982801999]}, {"pesos": [1.5421080793397342, -0.8982495488189182, 0.5750695270963211]}]}]}