{"entradas": 2, "capas": [{"neuronas": [{"pesos": [0.8606578598911148, 0.7662282590543097, 0.35220415285331597]}, {"pesos": [0.8801833642674461, 0.15980972945525213, 0.18994920106153254]}]}, {"neuronas": [{"pesos": [0.7437829513422067, -0.8210576573363951, 0.6369468146996603]}, {"pesos": [0.5619531850611977, 0.8717921668832533, 0.6240399276988252]}]}]}