{"entradas": 2, "capas": [{"neuronas": [{"pesos": [-0.06784839393582674, -1.000104747685178, -0.3064235951558742]}, {"pesos": [-0.40180602629072204, -0.21266746763059882, 0.4584810399374019]}]}, {"neuronas": [{"pesos": [-0.012725625164787407, -0.15339208746288652, 0.4262735341050019]}, {"pesos": [0.9595039646853327, -0.2824462380348634, 0.8115239922406721]}]}]}