{"entradas": 2, "capas": [{"neuronas": [{"pesos": [0.8646037108052821, 0.3235194328142846, 0.7827559520418672]}, {"pesos": [-0.34780607430772975, -0.5353583399700114, -0.30686980104248524]}]}, {"neuronas": [{"pesos": [-0.44072488108317026, 0.6873067712393042, -0.5579128548397219]}, {"pesos": [1.3681523496782173, -0.9432903824312462, -0.046296661716225554]}]}]}