{"entradas": 2, "capas": [{"neuronas": [{"pesos": [-0.7242328427757765, 0.8201414294817428, -0.0990633797219318]}, {"pesos": [-0.9662042640599906, -0.7926818087512166, 0.000609568819335049]}]}, {"neuronas": [{"pesos": [-0.3958703230343079, -0.25846073389920377, -0.26083031553464897]}, {"pesos": [0.15890573542671516, -0.20606263766251987, 0.07213914853323278]}]}]}