{"entradas": 2, "capas": [{"neuronas": [{"pesos": [0.7013890522436275, -0.3020030245201384, 0.4888703004322079]}, {"pesos": [-0.3878799783159437, 0.646699552877047, 0.33743338078599017]}]}, {"neuronas": [{"pesos": [-0.5922968759978235, -0.9499047930263984, 0.6457718834715334]}, {"pesos": [-0.5597365737760618, 0.7231201944982706, -0.5467086411939237]}]}]}