{"entradas": 2, "capas": [{"neuronas": [{"pesos": [0.506359483409747, 0.3988769306138188, 0.6616750423784405]}, {"pesos": [-0.4640985453256536, -0.9893819455284375, -0.45804130798945625]}]}, {"neuronas": [{"pesos": [0.2899135825717791, 0.5171546620916311, 0.12205293292538054]}, {"pesos": [0.19852335849889108, 1.4766339210994812, 0.35301451160706426]}]}]}