{"entradas": 2, "capas": [{"neuronas": [{"pesos": [0.4754155991315462, -0.43623191170942566, -1.012413776297779]}, {"pesos": [-0.4703526512568797, 0.358707454077764, 0.5086837568755239]}]}, {"neuronas": [{"pesos": [-0.4693806255563844, 0.39425984209248943, 1.1658333273333843]}, {"pesos": [0.5767638396641738, -0.21574798334353595, 1.5469846355409136]}]}]}