{"entradas": 2, "capas": [{"neuronas": [{"pesos": [0.6975228730000632, -0.8303331360091352, 0.6673571265772906]}, {"pesos": [-0.5327101583899256, 0.598318315051738, 0.502743300763031]}]}, {"neuronas": [{"pesos": [-0.6598828456643816, 0.8557704258109274, 1.3382730069110156]}, {"pesos": [1.2807724068512125, -0.06846162500368172, 0.5347693155148215]}]}]}