{"entradas": 2, "capas": [{"neuronas": [{"pesos": [-0.9930561365798988, -0.8824491076464803, -0.028349342616206523]}, {"pesos": [0.11020076770755703, -0.025383476204156902, -0.038999479494191865]}]}, {"neuronas": [{"pesos": [0.6282673126725427, -0.5783576413439104, -0.37774503151557026]}, {"pesos": [0.989219946081646, 0.5846254242726387, -0.12260086417938744]}]}]}