{"entradas": 2, "capas": [{"neuronas": [{"pesos": [-0.555775771404401, -0.7250703043155609, -0.2656491605567461]}, {"pesos": [0.511217320564154, -0.7705819485887029, -0.08766785781340519]}]}, {"neuronas": [{"pesos": [0.254039467873766, 0.3769767275872171, -0.3757728068332399]}, {"pesos": [1.5390539522052251, -0.425772813345538, -0.38309085867687015]}]}]}