{"entradas": 2, "capas": [{"neuronas": [{"pesos": [0.935441483367196, -0.6306821267419986, 0.10514846202945805]}, {"pesos": [0.752757270421137, -0.14043131438167533, -0.8061089077556579]}]}, {"neuronas": [{"pesos": [0.36502663380472206, -0.37973391112034366, 0.5979622165777069]}, {"pesos": [0.20095719555440067, 1.5212203226956647, 0.5874876485066406]}]}]}