{"entradas": 2, "capas": [{"neuronas": [{"pesos": [0.8396296034700308, -0.3340468248507996, -0.7737836469560677]}, {"pesos": [-0.6108799562908659, 0.09323595542196296, -0.60762656154887]}]}, {"neuronas": [{"pesos": [0.3515229242357792, -0.4564527467517514, -0.034816444943935015]}, {"pesos": [0.49430373947071193, 1.0764118613855738, 0.7316288830957673]}]}]}