{"entradas": 2, "capas": [{"neuronas": [{"pesos": [-0.014362474929491307, -0.4104725046015615, -0.4943385222071925]}, {"pesos": [-0.33570527796278926, -0.0020249461278066313, -0.2875782914625188]}]}, {"neuronas": [{"pesos": [0.4245088404861273, -0.6566532821187377, 0.5344764648981156]}, {"pesos": [1.1634348382317827, -0.2623603806874201, 0.4926756168801322]}]}]}