{"entradas": 2, "capas": [{"neuronas": [{"pesos": [-1.0004747757683585, -0.9874764962161292, 0.3698344077367429]}, {"pesos": [0.07420325279866558, 0.8518979619961029, -1.0516996191345593]}]}, {"neuronas": [{"pesos": [0.3426555748984297, -0.9430232225762618, 0.17950814884568156]}, {"pesos": [0.8782749585648035, -0.11311062690369292, 0.45807387984580317]}]}]}