{"entradas": 2, "capas": [{"neuronas": [{"pesos": [0.8113228003457569, -0.42207719977891306, -0.7881847762581695]}, {"pesos": [-0.022440178284454868, -0.8790931106661051, -0.020479532980988868]}]}, {"neuronas": [{"pesos": [0.3206707263840818, -0.23581543076612405, 0.3631007966777431]}, {"pesos": [0.6396357903247587, 0.2634272435308824, 1.356452606783888]}]}]}