{"entradas": 2, "capas": [{"neuronas": [{"pesos": [-0.788846525059461, 0.6335449944089672, 0.24248008709027952]}, {"pesos": [-0.0807371006081294, -0.5623384420918335, -0.959446802059189]}]}, {"neuronas": [{"pesos": [0.38269435092262083, 0.5785135436896093, -1.0695180814274365]}, {"pesos": [0.6787676407623564, 1.1378076402932127, -0.3460496070845933]}]}]}