{"entradas": 2, "capas": [{"neuronas": [{"pesos": [0.009591476128463408, -0.5351903268450143, 0.809843749005711]}, {"pesos": [-0.052929685911125596, -0.5201584976732546, 0.13363983814562336]}]}, {"neuronas": [{"pesos": [0.7519767265303934, -0.6008635736521404, -0.5098548868496356]}, {"pesos": [1.340953335889077, 0.1538039275156335, -0.12881792218786886]}]}]}