{"entradas": 2, "capas": [{"neuronas": [{"pesos": [-0.39733055915019605, 0.08148952514953876, -0.8955128272840711]}, {"pesos": [-0.7598984838580027, 0.294478321419168, -0.5988938424092364]}]}, {"neuronas": [{"pesos": [0.04634581826448074, -0.3308507448610609, 0.9541414184447736]}, {"pesos": [0.8255341204380744, 0.5451464053372815, 0.6331207692404898]}]}]}