{"entradas": 2, "capas": [{"neuronas": [{"pesos": [0.2950805802992858, 0.7455456607294616, -0.18157848158687656]}, {"pesos": [-1.0230451850236943, -0.3348312260800121, -0.6453118724152009]}]}, {"neuronas": [{"pesos": [0.5113967448474886, 0.1598143115981809, -1.0029557895156278]}, {"pesos": [1.2068431736359833, 0.356351389718039, -0.08748534202707706]}]}]}