{"entradas": 2, "capas": [{"neuronas": [{"pesos": [-0.37963731565702363, -0.03338434710070762, -0.6229556752887394]}, {"pesos": [0.44541812787835033, -0.26643800667286777, -0.48782843277811244]}]}, {"neuronas": [{"pesos": [-0.06354664922441138, 0.7102677421888675, -0.34986829714086]}, {"pesos": [0.5941577201347095, -0.3305360917310357, 1.5441146332628057]}]}]}