{"entradas": 2, "capas": [{"neuronas": [{"pesos": [0.34916588852333363, 0.023241287541350786, 0.6493907178625036]}, {"pesos": [0.29988229987415727, 0.01042376644039303, -0.3421946437271112]}]}, {"neuronas": [{"pesos": [0.1367701561157744, 0.5197742908729088, -0.3354873124050849]}, {"pesos": [0.6242172903564219, 0.5152713821457172, 0.9902242050969836]}]}]}