{"entradas": 2, "capas": [{"neuronas": [{"pesos": [0.15270832631879672, 0.07782571235128415, 0.4211721196430878]}, {"pesos": [0.694676477111703, 0.20188327935248632, -0.29400058494711734]}]}, {"neuronas": [{"pesos": [0.6563657298881396, 0.038210442220678924, -0.2763131441851547]}, {"pesos": [0.8910646271575146, 0.6716954620376481, 0.3722950030675997]}]}]}