{"entradas": 2, "capas": [{"neuronas": [{"pesos": [0.7967439467741484, -0.61040511539061, -0.38500106493416153]}, {"pesos": [1.138462239981013, -0.36949155838788666, -0.5779858768241344]}]}, {"neuronas": [{"pesos": [0.7486309217179699, -0.9231367779105029, 0.09448497225307126]}, {"pesos": [1.3425750999682218, 0.8958494915864184, -0.6249847481183818]}]}]}