{"entradas": 2, "capas": [{"neuronas": [{"pesos": [-0.3987877631040328, -0.9507532016401671, -0.2777610314658257]}, {"pesos": [-0.3693281998190219, 0.9228551418766653, -0.8130515230794904]}]}, {"neuronas": [{"pesos": [0.48551069841086025, -0.7780488161142257, 0.019499748678385574]}, {"pesos": [0.8772742330930583, 1.2920411800262877, -0.23711758794736582]}]}]}