{"entradas": 2, "capas": [{"neuronas": [{"pesos": [-0.48324068169335427, 0.6101831731946771, -0.35071482765764267]}, {"pesos": [-0.9467492696868541, 0.01240889877863417, 0.20183761482453721]}]}, {"neuronas": [{"pesos": [0.009501638255211114, 0.8477206341334561, -0.0919141201907416]}, {"pesos": [0.5655773089782541, 1.3203468522431356, 0.3507620555049266]}]}]}